---
so:
  formats:
    region_format: Waqtiga Caadiga Ah ee {0}
  metazones:
    Acre:
      long:
        daylight: Wakhtiga Kulka ee Acre
        generic: Wakhtiga Acre
        standard: Wakhtiga Caadiga ah ee Acre
    Afghanistan:
      long:
        standard: Waqtiga Afggaanistaan
    Africa_Central:
      long:
        standard: Waqtiga Bartamaha Afrika
    Africa_Eastern:
      long:
        standard: Waqtiga Bariga Afrika
    Africa_Southern:
      long:
        standard: Waqtiyada Caadiga Ah ee Koonfur Afrika
    Africa_Western:
      long:
        daylight: Waqtiga Xagaaga ee Galbeedka Afrika
        generic: Waqtiga Galbeedka Afrika
        standard: Waqtiga Caadiga Ah ee Galbeedka Afrika
    Alaska:
      long:
        daylight: Waqtiga Dharaarta ee Alaska
        generic: Waqtiga Alaska
        standard: Waqtiga Caadiga Ah ee Alaska
    Almaty:
      long:
        daylight: Saacada Waqtiga Kulaylaha ee Almaty
        generic: Waqtiga Almaty
        standard: Waqtiga Caadiga ah ee Almaty
    Amazon:
      long:
        daylight: Waqtiga Xagaaga ee Amason
        generic: Waqtiga Amason
        standard: Waqtiga Caadiga Ah ee Amason
    America_Central:
      long:
        daylight: Waqtiga Dharaarta ee Bartamaha Waqooyiga Ameerika
        generic: Waqtiga Bartamaha Waqooyiga Ameerika
        standard: Waqtiga Caadiga Ah ee Bartamaha Waqooyiga Ameerika
    America_Eastern:
      long:
        daylight: Waqtiga Dharaarta ee Bariga Waqooyiga Ameerika
        generic: Waqtiga Bariga ee Waqooyiga Ameerika
        standard: Waqtiga Caadiga Ah ee Bariga Waqooyiga Ameerika
    America_Mountain:
      long:
        daylight: Waqtiga Dharaarta ee Buurleyda Waqooyiga Ameerika
        generic: Waqtiga Buuraleyda ee Waqooyiga Ameerika
        standard: Waqtiga Caadiga ah ee Buuraleyda Waqooyiga Ameerika
    America_Pacific:
      long:
        daylight: Waqtiga Dharaarta ee Basifika Waqooyiga Ameerika
        generic: Waqtiga Basifika ee Waqooyiga Ameerika
        standard: Waqtiga Caadiga ah ee Basifika Waqooyiga Ameerika
    Anadyr:
      long:
        daylight: Wakhtiga Kulka ee Anadyr
        generic: Wakhtiga Anadyr
        standard: Wakhtiga Caadiga ah ee Anadyr
    Apia:
      long:
        daylight: Waqtiga Dharaarta ee Abiya
        generic: Waqtiga Abiya
        standard: Waqtiga Caadiga Ah ee Abiya
    Aqtau:
      long:
        daylight: Saacada Waqtiga Kulaylaha Aqtau
        generic: Waqtiga Aqtau
        standard: Waqtiga Caadiga ah ee Aqtau
    Aqtobe:
      long:
        daylight: Saacada Waqtiga kulaylaha Aqtobe
        generic: Waqtiga Aqtobe
        standard: Waqtiga Caadiga ah ee Aqtobe
    Arabian:
      long:
        daylight: Waqtiga Dharaarta ee Carabta
        generic: Waqtiga Carabta
        standard: Waqtiga Caadiga Ah ee Carabta
    Argentina:
      long:
        daylight: Waqtiga Xagaaga ee Arjentiina
        generic: Waqtia Arjentiina
        standard: Waqtiga Caadiga Ah ee Arjentiina
    Argentina_Western:
      long:
        daylight: Waqtiga Xagaaga ee Galbeedka Arjentiina
        generic: Waqtiga Galbeedka Arjentiina
        standard: Waqtiga Caadiga Ah ee Galbeedka Arjentiina
    Armenia:
      long:
        daylight: Waqtiga Xagaaga ee Armeeniya
        generic: Waqtiga Armeeniya
        standard: Waqtiga Caadiga Ah ee Armeeniya
    Atlantic:
      long:
        daylight: Waqtiga Dharaarta ee Atlantika Waqooyiga Ameerika
        generic: Waqtiga Atlantika ee Waqooyiga Ameerika
        standard: Waqtiga Caadiga Ah ee Atlantika Waqooyiga Ameerika
    Australia_Central:
      long:
        daylight: Waqtiga Dharaarta ee Bartamaha Astaraaliya
        generic: Waqtiga Bartamaha Astaraaliya
        standard: Waqtiga Caadiga Ah ee Bartamaha Astaraaliya
    Australia_CentralWestern:
      long:
        daylight: Waqtiga Dharaarta Bartamaha Galbeedka Australiya
        generic: Waqtiga Bartamaha Galbeedka Astaraaliya
        standard: Waqtiga Caadiga Ah ee Bartamaha Galbeedka Astaraaliya
    Australia_Eastern:
      long:
        daylight: Waqtiga Dharaarta ee Bariga Astaraaliya
        generic: Waqtiga Bariga Astaraaliya
        standard: Waqtiyada Caadiga ah ee Bariga Astaraaliya
    Australia_Western:
      long:
        daylight: Waqtiga Dharaarta ee Galbeedka Astaraaliya
        generic: Waqtiga Galbeedka Astaraaliya
        standard: Waqtiga Caadiga Ah ee Galbeedka Astaraaliya
    Azerbaijan:
      long:
        daylight: Waqtiga Xagaaga ee Asarbeyjan
        generic: Waqtiga Asarbeyjan
        standard: Waqtiga Caadiga Ah ee Asarbeyjan
    Azores:
      long:
        daylight: Waqtiga Xagaaga ee Asores
        generic: Waqtiga Asores
        standard: Waqtiga Caadiga Ah ee Asores
    Bangladesh:
      long:
        daylight: Waqtiga Xagaaga ee Bangledeesh
        generic: Waqtiga Bangledeesh
        standard: Waqtiga Caadiga Ah ee Bangledeesh
    Bhutan:
      long:
        standard: Waqtiga Butaan
    Bolivia:
      long:
        standard: Waqtiga Boliifiya
    Brasilia:
      long:
        daylight: Waqtiga Xagaaga ee Baraasiliya
        generic: Waqtiga Baraasiliya
        standard: Waqtiga Caadiga ah ee Baraasiliya
    Brunei:
      long:
        standard: Waqtiga Buruney Daarusalaam
    Cape_Verde:
      long:
        daylight: Waqtiga Xagaaga ee Keyb Faarde
        generic: Waqtiga Keyb Faarde
        standard: Waqtiga Caadiga Ah ee Keyb Faarde
    Chamorro:
      long:
        standard: Waqtiga Jamoro
    Chatham:
      long:
        daylight: Waqtiga Dharaarta ee Jaatam
        generic: Waqtiga Jaatam
        standard: Waqtiga Caadiga Ah ee Jaatam
    Chile:
      long:
        daylight: Waqtiga Xagaaga ee Jili
        generic: Waqtiga Jili
        standard: Waqtiga Caadiga Ah ee Jili
    China:
      long:
        daylight: Waqtiga Dharaarta ee Shiinaha
        generic: Waqtiga Shiinaha
        standard: Waqtiga Caadiga Ah ee Shiinaha
    Choibalsan:
      long:
        daylight: Waqtiga Xagaaga ee Joybalsan
        generic: Waqtiga Joybalsan
        standard: Waqtiga Caadiga Ah ee Joybalsan
    Christmas:
      long:
        standard: Waqtiga Kirismas Aylaan
    Cocos:
      long:
        standard: Waqtiga Kokos Aylaan
    Colombia:
      long:
        daylight: Waqtiga Xagaaga ee Kolambiya
        generic: Waqtiga Kolambiya
        standard: Waqtiga Caadiga Ah ee Kolambiya
    Cook:
      long:
        daylight: Waqtiga Nus Xagaaga ah ee Kuuk Aylaanis
        generic: Waqtiga Kuuk Aylaanis
        standard: Waqtiga Caadiga Ah ee Kuuk Aylaanis
    Cuba:
      long:
        daylight: Waqtiga Dharaarta ee Kuuba
        generic: Waqtiga Kuuba
        standard: Waqtiga Caadiga Ah ee Kuuba
    Davis:
      long:
        standard: Waqtiga Dafis
    DumontDUrville:
      long:
        standard: Waqtiga Dumont - d’urfille
    East_Timor:
      long:
        standard: Waqtiga Iist Timoor
    Easter:
      long:
        daylight: Waqtiga Xagaaga ee Iistar Aylaan
        generic: Waqtiga Iistar Aylaan
        standard: Waqtiga Caadiga Ah ee Iistar Aylaan
    Ecuador:
      long:
        standard: Waqtiga Ekuwadoor
    Europe_Central:
      long:
        daylight: Waqtiga Xagaaga ee Bartamaha Yurub
        generic: Waqtiga Bartamaha Yurub
        standard: Waqtiga Caadiga Ah ee Bartamaha Yurub
    Europe_Eastern:
      long:
        daylight: Waqtiga Xagaaga ee Bariga Yurub
        generic: Waqtiga Bariga Yurub
        standard: Waqtiga Caadiga Ah ee Bariga Yurub
    Europe_Further_Eastern:
      long:
        standard: Waqtiga Bariga Fog ee Yurub
    Europe_Western:
      long:
        daylight: Waqtiga Xagaaga ee Galbeedka Yurub
        generic: Waqtiga Galbeedka Yurub
        standard: Waqtiga Caadiga Ah ee Galbeedka Yurub
    Falkland:
      long:
        daylight: Waqtiga Xagaaga ee Faalklaan Aylaanis
        generic: Waqtiga Faalklaan Aylaanis
        standard: Waqtiga Caadiga Ah ee Faalklaan Aylaanis
    Fiji:
      long:
        daylight: Waqtiga Xagaaga ee Fiji
        generic: Waqtiga Fiji
        standard: Waqtiga Caadiga Ah ee Fiji
    French_Guiana:
      long:
        standard: Waqtiga Ferenj Guyana
    French_Southern:
      long:
        standard: Waqtiga Koonfurta Faransiiska & Antaarktik
    GMT:
      long:
        standard: Wakhtiga Giriinwij
    Galapagos:
      long:
        standard: Waqtiga Galabagos
    Gambier:
      long:
        standard: Waqtiga Gambiyar
    Georgia:
      long:
        daylight: Waqtiga Xagaaga ee Joorjiya
        generic: Waqtiga Joorjiya
        standard: Waqtiga Caadiga Ah ee Joorjiya
    Gilbert_Islands:
      long:
        standard: Waqtiga Jilbeert Aylaan
    Greenland_Eastern:
      long:
        daylight: Waqtiga Xagaaga ee Bariga Giriinlaan
        generic: Waqtiga Bariga ee Giriinlaan
        standard: Waqtiga Caadiga ah ee Bariga Giriinlaan
    Greenland_Western:
      long:
        daylight: Waqtiga Xagaaga ee Galbeedka Giriinlaan
        generic: Waqtiga Galbeedka Giriinlaan
        standard: Waqtiga Caadiga Ah ee Galbeedka Giriinlaan
    Gulf:
      long:
        standard: Waqtiga Gacanka
    Guyana:
      long:
        standard: Waqtiga Guyaana
    Hawaii_Aleutian:
      long:
        daylight: Waqtiga Dharaarta ee Hawaay-Alutiyaan
        generic: Waqtiga Hawaay-Alutiyaan
        standard: Waqtiga Caadiga Ah ee Hawaay-Alutiyaan
      short:
        daylight: HADT
        generic: HAT
        standard: HAST
    Hong_Kong:
      long:
        daylight: Waqtiga Xagaaga ee Hoong Koong
        generic: Waqtiga Hoong Koong
        standard: Waqtiga Caadiga Ah ee Hoong Koong
    Hovd:
      long:
        daylight: Waqtiga Xagaaga ee Hofud
        generic: Waqtiga Hofud
        standard: Waqtiga Caadiga Ah ee Hofud
    India:
      long:
        standard: Waqtiga Caadiga Ah ee Hindiya
    Indian_Ocean:
      long:
        standard: Waqtiga Badweynta Hindiya
    Indochina:
      long:
        standard: Waqtiga Indoshiina
    Indonesia_Central:
      long:
        standard: Waqtiga Bartamaha Indoneeysiya
    Indonesia_Eastern:
      long:
        standard: Waqtiga Indoneeysiya
    Indonesia_Western:
      long:
        standard: Waqtiga Galbeedka Indoneeysiya
    Iran:
      long:
        daylight: Waqtiga Dharaarta ee Iiraan
        generic: Waqtiga Iiraan
        standard: Waqtiga Caadiga Ah ee Iiraan
    Irkutsk:
      long:
        daylight: Waqtiga Xagaaga ee Irkutsik
        generic: Waqtiga Irkutsik
        standard: Waqtiga Caadiga Ah ee Irkutsik
    Israel:
      long:
        daylight: Waqtiga Dharaarta ee Israaiil
        generic: Waqtiga Israaiil
        standard: Waqtiga Caadiga Ah ee Israaiil
    Japan:
      long:
        daylight: Waqtiga Dharaarta ee Jabaan
        generic: Waqtiga Jabaan
        standard: Waqtiga Caadiga Ah ee Jabaan
    Kamchatka:
      long:
        daylight: Wakhtiga Kulka ee Petropavlovsk-Kamchatski
        generic: Wakhtiga Petropavlovsk-Kamchatski
        standard: Wakhtiga Caadiga ah ee Petropavlovsk-Kamchatski
    Kazakhstan_Eastern:
      long:
        standard: Waqtiga Bariga Kasakhistaan
    Kazakhstan_Western:
      long:
        standard: Waqtiga Koonfurta Kasakhistan
    Korea:
      long:
        daylight: Waqtiga Dharaarta ee Kuuriya
        generic: Waqtiga Kuuriya
        standard: Waqtiga Caadiga Ah ee Kuuriya
    Kosrae:
      long:
        standard: Waqtiga Kosriy
    Krasnoyarsk:
      long:
        daylight: Waqtiga Xagaaga ee Karasnoyarsik
        generic: Waqtiga Karasnoyarsik
        standard: Waqtiga Caadiga Ah ee Karasnoyarsik
    Kyrgystan:
      long:
        standard: Waqtiga Kiyrigistaan
    Line_Islands:
      long:
        standard: Waqtiga Leyn Aylaan
    Lord_Howe:
      long:
        daylight: Waqtiga Dharaarta ee Lod How
        generic: Waqtiga Lod How
        standard: Waqtiga Caadiga Ah ee Lod How
    Macquarie:
      long:
        standard: Waqtiga Makquwariy Aylaan
    Magadan:
      long:
        daylight: Waqtiga Xagaaga ee Magedan
        generic: Watiga Magedan
        standard: Waqtiga Caadiga Ah ee Magedan
    Malaysia:
      long:
        standard: Waqtiga Maleyshiya
    Maldives:
      long:
        standard: Waqtiga Maldifis
    Marquesas:
      long:
        standard: Waqtiga Marquwesas
    Marshall_Islands:
      long:
        standard: Waqtiga Maarshaal Aylaanis
    Mauritius:
      long:
        daylight: Waqtiga Xagaaga ee Morishiyaas
        generic: Waqtiga Morishiyaas
        standard: Waqtiga Caadiga Ah ee Morishiyaas
    Mawson:
      long:
        standard: Waqtiga Mawson
    Mexico_Northwest:
      long:
        daylight: Waqtiga Dharaarta ee Waqooyi-Galbeed Meksiko
        generic: Waqtiga Waqooyi-Galbeed Meksiko
        standard: Waqtiga Caadiga Ah ee Waqooyi-Galbeed Meksiko
    Mexico_Pacific:
      long:
        daylight: Waqtiga Dharaarta ee Baasifikada Meksiko
        generic: Waqtiga Baasifikada Meksiko
        standard: Waqtiga Caadiga Ah ee Baasifikada Meksiko
    Mongolia:
      long:
        daylight: Waqtiga Xagaaga ee Ulaanbaataar
        generic: Waqtiga Ulaanbaataar
        standard: Waqtiga Caadiga Ah ee Ulaanbaataar
    Moscow:
      long:
        daylight: Waqtiga Xagaaga ee Moskow
        generic: Waqtiga Moskow
        standard: Waqtiga Caadiga Ah ee Moskow
    Myanmar:
      long:
        standard: Waqtiga Mayanmaar
    Nauru:
      long:
        standard: Waqtiga Nawroo
    Nepal:
      long:
        standard: Waqtiga Neebaal
    New_Caledonia:
      long:
        daylight: Waqtiga Xagaaga ee Niyuu Kaledoniya
        generic: Waqtiga Niyuu Kaledonya
        standard: Waqtiga Caadiga Ah ee Niyuu Kaledoniya
    New_Zealand:
      long:
        daylight: Waqtiga Dharaarta ee Niyuu Si’laan
        generic: Waqtiga Niyuu Si’laan
        standard: Waqtiga Caadiga Ah ee Niyuu Si’laan
    Newfoundland:
      long:
        daylight: Waqtiga Dharaarta ee Niyuufoonlaan
        generic: Waqtiga Niyuufoonlaan
        standard: Waqtiga Caadiga Ah ee Niyuufoonlaan
    Niue:
      long:
        standard: Waqtiga Niyuu
    Norfolk:
      long:
        daylight: Waqtiga Maalinta ee Norfolk Island
        generic: Waqtiga Norfolk Island
        standard: Waqtiga Caadiga ah ee Norfolk Island
    Noronha:
      long:
        daylight: Waqtiga Xagaaga ee Farnaando de Nooronha
        generic: Waqtiga Farnaando de Noronha
        standard: Waqtiga Caadiga Ah ee Farnaando de Nooronha
    Novosibirsk:
      long:
        daylight: Waqtiga Xagaaga ee Nofosibirsik
        generic: Waqtiga Nofosibirsik
        standard: Waqtiga Caadiga Ah ee Nofosibirsik
    Omsk:
      long:
        daylight: Waqtiga Xagaaga ee Omsk
        generic: Waqtiga Omsk
        standard: Waqtiga Caadiga Ah ee Omsk
    Pakistan:
      long:
        daylight: Waqtiga Xagaaga ee Bakistaan
        generic: Waqtiga Bakistaan
        standard: Waqtiga Caadiga Ah ee Bakistaan
    Palau:
      long:
        standard: Waqtiga Balaw
    Papua_New_Guinea:
      long:
        standard: Waqtiga Babuw Niyuu Giniya
    Paraguay:
      long:
        daylight: Waqtiga Xagaaga ee Baragwaay
        generic: Waqtiga Baragwaay
        standard: Waqtiga Caadiga Ah ee Baragwaay
    Peru:
      long:
        daylight: Waqtiga Xagaaga ee Beeru
        generic: Waqtiga Beeru
        standard: Waqtiga Caadiga Ah ee Beeru
    Philippines:
      long:
        daylight: Waqtiga Xagaaga ee Filibiin
        generic: Waqtiga Filibiin
        standard: Waqtiga Caadiga Ah ee Filibiin
    Phoenix_Islands:
      long:
        standard: Waqtiga Foonikis Aylaanis
    Pierre_Miquelon:
      long:
        daylight: Waqtiga Dharaarta ee St. Beere & Mikiwelon
        generic: Waqtiga St. Beere & Mikiwelon
        standard: Waqtiga Caadiga Ah St. Beere & Mikiwelon
    Pitcairn:
      long:
        standard: Waqtiga Bitkeen
    Ponape:
      long:
        standard: Waqtiga Bonabe
    Pyongyang:
      long:
        standard: Waqtiga Boyongyang
    Qyzylorda:
      long:
        daylight: Saacada Waqtiga Kulaylaha Qyzylorda
        generic: Waqtiga Qyzylorda
        standard: Waqtiga Caadiga ah ee Qyzylorda
    Reunion:
      long:
        standard: Waqtiga Riyuuniyon
    Rothera:
      long:
        standard: Waqtiga Rotera
    Sakhalin:
      long:
        daylight: Waqtiga Xagaaga ee Sakhalin
        generic: Waqtiga Sakhalin
        standard: Waqtiga Caadiga Ah ee Sakhalin
    Samara:
      long:
        daylight: Wakhtiga Kulka ee Samara
        generic: Wakhtiga Samara
        standard: Wakhtiga Caadiga ah ee Samara
    Samoa:
      long:
        daylight: Waqtiga Dharaarta ee Samoa
        generic: Waqtiga Samoa
        standard: Waqtiga Caadiga Ah ee Samoa
    Seychelles:
      long:
        standard: Waqtiga Siishalis
    Singapore:
      long:
        standard: Waqtiga Singabuur
    Solomon:
      long:
        standard: Waqtiga Solomon Aylaanis
    South_Georgia:
      long:
        standard: Waqtiga Sowt Joorjiya
    Suriname:
      long:
        standard: Waqtiga Surineym
    Syowa:
      long:
        standard: Waqtiga Siyowa
    Tahiti:
      long:
        standard: Waqtiga Tahiti
    Taipei:
      long:
        daylight: Waqtiga Dharaarta ee Teybey
        generic: Waqtiga Teybey
        standard: Waqtiga Caadiga Ah ee Teybey
    Tajikistan:
      long:
        standard: Waqtiga Tajikistan
    Tokelau:
      long:
        standard: Waqtiga Tokeluu
    Tonga:
      long:
        daylight: Waqtiga Xagaaga ee Tonga
        generic: Waqtiga Tonga
        standard: Waqtiga Caadiga Ah ee Tonga
    Truk:
      long:
        standard: Waqtiga Juuk
    Turkmenistan:
      long:
        daylight: Waqtiga Xagaaga ee Turkmenistan
        generic: Waqtiga Turkmenistaan
        standard: Waqtiga Caadiga Ah ee Turkmenistan
    Tuvalu:
      long:
        standard: Waqtiga Tufalu
    Uruguay:
      long:
        daylight: Waqtiga Xagaaga ee Urugwaay
        generic: Waqtiga Urugwaay
        standard: Waqtiga Caadiga Ah ee Urugwaay
    Uzbekistan:
      long:
        daylight: Waqtiga Xagaaga ee Usbekistan
        generic: Waqtiga Usbekistan
        standard: Waqtiga Caadiga Ah ee Usbekistan
    Vanuatu:
      long:
        daylight: Waqtiga Xagaaga ee Fanuutu
        generic: Waqtiga Fanuutu
        standard: Waqtiga Caadiga Ah ee Fanuutu
    Venezuela:
      long:
        standard: Waqtiga Fenezuweela
    Vladivostok:
      long:
        daylight: Waqtiga Xagaaga ee Faladifostok
        generic: Waqtiga Faladifostok
        standard: Waqtiga Caadiga Ah ee Faladifostok
    Volgograd:
      long:
        daylight: Waqtiga Xagaaga ee Folgograd
        generic: Waqtiga Folgograd
        standard: Waqtiga Caadiga Ah ee Folgograd
    Vostok:
      long:
        standard: Waqtiga Fostok
    Wake:
      long:
        standard: Waqtiga Wayk Iylaanis
    Wallis:
      long:
        standard: Waqtiga Walis & Futuna
    Yakutsk:
      long:
        daylight: Waqtiga Xagaaga ee Yakut
        generic: Waqtiyada Yakut
        standard: Waqtiga Caadiga Ah ee Yakut
    Yekaterinburg:
      long:
        daylight: Waqtiga Xagaaga ee Yekaterinbaag
        generic: Waqtiga Yekaterinbaag
        standard: Waqtiga Caadiga Ah ee Yekaterinbaag
    Yukon:
      long:
        standard: Waqtiga Yukon
  timezones:
    Africa/Abidjan:
      city: Abidjaan
    Africa/Accra:
      city: Akra
    Africa/Algiers:
      city: Aljeeris
    Africa/Bamako:
      city: Bamaako
    Africa/Bangui:
      city: Baagi
    Africa/Bissau:
      city: Bisaaw
    Africa/Blantyre:
      city: Balantire
    Africa/Brazzaville:
      city: Barasafil
    Africa/Cairo:
      city: Qaahira
    Africa/Casablanca:
      city: Kasabalaanka
    Africa/Ceuta:
      city: Seuta
    Africa/Conakry:
      city: Conakri
    Africa/Dar_es_Salaam:
      city: Daresalaam
    Africa/Djibouti:
      city: Jibuuti
    Africa/Douala:
      city: Douaala
    Africa/El_Aaiun:
      city: El Ceyuun
    Africa/Freetown:
      city: Firiitawn
    Africa/Gaborone:
      city: Gabroon
    Africa/Harare:
      city: Haraare
    Africa/Johannesburg:
      city: Johansbaag
    Africa/Kampala:
      city: Kambaala
    Africa/Khartoum:
      city: Khartuum
    Africa/Lagos:
      city: Laagoos
    Africa/Libreville:
      city: Librefil
    Africa/Lome:
      city: Loom
    Africa/Luanda:
      city: Luwaanda
    Africa/Lubumbashi:
      city: Lubumbaashi
    Africa/Lusaka:
      city: Lusaaka
    Africa/Maputo:
      city: Mabuuto
    Africa/Maseru:
      city: Maseero
    Africa/Mbabane:
      city: Mababaane
    Africa/Mogadishu:
      city: Muqdisho
    Africa/Monrovia:
      city: Monrofiya
    Africa/Nairobi:
      city: Nayroobi
    Africa/Ndjamena:
      city: Injamina
    Africa/Niamey:
      city: Nijame
    Africa/Nouakchott:
      city: Nookjot
    Africa/Ouagadougou:
      city: Wagadugu
    Africa/Porto-Novo:
      city: Boorto-Noofo
    Africa/Sao_Tome:
      city: Saw Toom
    Africa/Tripoli:
      city: Tiribooli
    Africa/Tunis:
      city: Tuunis
    Africa/Windhoek:
      city: Windhook
    America/Anchorage:
      city: Anjorage
    America/Anguilla:
      city: Anguwila
    America/Antigua:
      city: Antiguwa
    America/Araguaina:
      city: Araguwayna
    America/Argentina/La_Rioja:
      city: La Riyoja
    America/Argentina/Rio_Gallegos:
      city: Riyo Jalejos
    America/Argentina/San_Juan:
      city: San Juwaan
    America/Argentina/San_Luis:
      city: San Luwis
    America/Argentina/Tucuman:
      city: Tukuumaan
    America/Argentina/Ushuaia:
      city: Ushuaay
    America/Asuncion:
      city: Asunkiyon
    America/Bahia:
      city: Baahiya
    America/Bahia_Banderas:
      city: Bahiya Banderas
    America/Belize:
      city: Beliise
    America/Blanc-Sablon:
      city: Balank-Sablon
    America/Boa_Vista:
      city: Bow Fista
    America/Boise:
      city: Boyse
    America/Buenos_Aires:
      city: Buwenos Ayris
    America/Cambridge_Bay:
      city: Kambiriij Baay
    America/Campo_Grande:
      city: Kaambo Garandi
    America/Cancun:
      city: Kaankuun
    America/Caracas:
      city: Karakaas
    America/Catamarca:
      city: Katamaarka
    America/Cayenne:
      city: Kayeen
    America/Cayman:
      city: Keymaan
    America/Chicago:
      city: Jikaago
    America/Chihuahua:
      city: Jiwaahuu
    America/Coral_Harbour:
      city: Atikokaan
    America/Cordoba:
      city: Kordooba
    America/Costa_Rica:
      city: Kosta Riika
    America/Creston:
      city: Karestoon
    America/Cuiaba:
      city: Kuyaaba
    America/Curacao:
      city: Kurakoow
    America/Danmarkshavn:
      city: Daanmaakshaan
    America/Dawson:
      city: Doosan
    America/Dawson_Creek:
      city: Doosan Kireek
    America/Denver:
      city: Denfar
    America/Detroit:
      city: Detoroyt
    America/Dominica:
      city: Dominiika
    America/Eirunepe:
      city: Iiruneeb
    America/El_Salvador:
      city: El Salfadoor
    America/Fort_Nelson:
      city: Foot Nelson
    America/Fortaleza:
      city: Footalesa
    America/Glace_Bay:
      city: Galeys Baay
    America/Goose_Bay:
      city: Guus Baay
    America/Grand_Turk:
      city: Garaan Turk
    America/Grenada:
      city: Garenaada
    America/Guadeloupe:
      city: Guwadeluub
    America/Guatemala:
      city: Guwatemaala
    America/Guayaquil:
      city: Guwayaquwil
    America/Guyana:
      city: Guyaana
    America/Halifax:
      city: Halifakas
    America/Havana:
      city: Hafaana
    America/Hermosillo:
      city: Harmosilo
    America/Indiana/Knox:
      city: Nokis, Indiyaana
    America/Indiana/Marengo:
      city: Mareengo, Indiyaana
    America/Indiana/Petersburg:
      city: Betesbaag, Indiyaana
    America/Indiana/Tell_City:
      city: Tel Siti, Indiyaana
    America/Indiana/Vevay:
      city: Feefaay, Indiyaana
    America/Indiana/Vincennes:
      city: Finseenes, Indiyaana
    America/Indiana/Winamac:
      city: Winaamak, Indiyaana
    America/Indianapolis:
      city: Indiyaanabolis
    America/Inuvik:
      city: Inuufik
    America/Iqaluit:
      city: Iqaaluut
    America/Jamaica:
      city: Jamayka
    America/Juneau:
      city: Juniyuu
    America/Kentucky/Monticello:
      city: Montiseelo, Kentaki
    America/Kralendijk:
      city: Kiraalendik
    America/La_Paz:
      city: Laa Baas
    America/Lima:
      city: Liima
    America/Los_Angeles:
      city: Loos Anjalis
    America/Louisville:
      city: Luusfile
    America/Lower_Princes:
      city: Loowa Birinses Kuwaata
    America/Maceio:
      city: Maasiiyo
    America/Managua:
      city: Manaaguwa
    America/Manaus:
      city: Manaauus
    America/Marigot:
      city: Maarigot
    America/Martinique:
      city: Maartiniikuyuu
    America/Mazatlan:
      city: Mazaatlan
    America/Mendoza:
      city: Meendoosa
    America/Menominee:
      city: Menoominee
    America/Merida:
      city: Meriida
    America/Metlakatla:
      city: Metlaakatla
    America/Mexico_City:
      city: Meksiko Siti
    America/Miquelon:
      city: Miiquulon
    America/Moncton:
      city: Moonktoon
    America/Monterrey:
      city: Moonteerey
    America/Montevideo:
      city: Moontafiidiyo
    America/Montserrat:
      city: Moontseraat
    America/Nassau:
      city: Nasaaw
    America/New_York:
      city: Niyuu Yook
    America/Nipigon:
      city: Nibiigoon
    America/Nome:
      city: Noom
    America/Noronha:
      city: Noroonha
    America/North_Dakota/Beulah:
      city: Biyuulah, Waqooyiga Dakoota
    America/North_Dakota/Center:
      city: Bartamaha, Waqooyiga Dakoota
    America/North_Dakota/New_Salem:
      city: Niyuu Saalem, Waqooyiga Dakoota
    America/Ojinaga:
      city: Ojinaaga
    America/Panama:
      city: Banaama
    America/Pangnirtung:
      city: Bangnirtuung
    America/Paramaribo:
      city: Baramaribo
    America/Phoenix:
      city: Foonikis
    America/Port-au-Prince:
      city: Boort-aw-Biriins
    America/Port_of_Spain:
      city: Boort of Isbayn
    America/Porto_Velho:
      city: Boorto Felho
    America/Puerto_Rico:
      city: Boorta Riiko
    America/Punta_Arenas:
      city: Bunta Arinaas
    America/Rainy_River:
      city: Reyni Rifer
    America/Rankin_Inlet:
      city: Raankin Inleet
    America/Recife:
      city: Receyf
    America/Regina:
      city: Rejiina
    America/Resolute:
      city: Resoluut
    America/Rio_Branco:
      city: Riyo Baraanko
    America/Santarem:
      city: Santareem
    America/Santiago:
      city: Santiyaago
    America/Santo_Domingo:
      city: Saanto Domingo
    America/Sao_Paulo:
      city: Saaw Boolo
    America/Scoresbysund:
      city: Itoqortoomiit
    America/Sitka:
      city: Siitka
    America/St_Barthelemy:
      city: St. Baartelemi
    America/St_Johns:
      city: St. Joon
    America/St_Kitts:
      city: St. Kitis
    America/St_Lucia:
      city: St. Lusiya
    America/St_Thomas:
      city: St. Toomas
    America/St_Vincent:
      city: St. Finsent
    America/Swift_Current:
      city: Iswift Karent
    America/Tegucigalpa:
      city: Tegusigalba
    America/Thule:
      city: Tuul
    America/Thunder_Bay:
      city: Tanda Baay
    America/Tijuana:
      city: Tijuwaana
    America/Tortola:
      city: Tortoola
    America/Vancouver:
      city: Fankuufar
    America/Whitehorse:
      city: Waythoras
    America/Winnipeg:
      city: Winibeg
    America/Yakutat:
      city: Yakutaat
    America/Yellowknife:
      city: Yelowneyf
    Antarctica/Casey:
      city: Kaysee
    Antarctica/Davis:
      city: Dafis
    Antarctica/DumontDUrville:
      city: Dumont d’urfile
    Antarctica/Macquarie:
      city: Makquwariy
    Antarctica/McMurdo:
      city: MakMurdo
    Antarctica/Palmer:
      city: Baamar
    Antarctica/Rothera:
      city: Rotera
    Antarctica/Syowa:
      city: Siyowa
    Antarctica/Troll:
      city: Torool
    Antarctica/Vostok:
      city: Fostok
    Arctic/Longyearbyen:
      city: Lonjirbyeen
    Asia/Aden:
      city: Cadan
    Asia/Almaty:
      city: Almati
    Asia/Amman:
      city: Ammaan
    Asia/Anadyr:
      city: Anadiyr
    Asia/Aqtau:
      city: Aktaw
    Asia/Atyrau:
      city: Atiyraw
    Asia/Baghdad:
      city: Baqdaad
    Asia/Bahrain:
      city: Baxreyn
    Asia/Bangkok:
      city: Bangkook
    Asia/Barnaul:
      city: Barnaauul
    Asia/Beirut:
      city: Beyruud
    Asia/Brunei:
      city: Buruney
    Asia/Calcutta:
      city: Kolkaata
    Asia/Chita:
      city: Jiita
    Asia/Choibalsan:
      city: Joybalsan
    Asia/Colombo:
      city: Kolombo
    Asia/Damascus:
      city: Dimishiq
    Asia/Dhaka:
      city: Dhaaka
    Asia/Dubai:
      city: Dubay
    Asia/Gaza:
      city: Qasa
    Asia/Hong_Kong:
      city: Hoong Koong
    Asia/Hovd:
      city: Hofud
    Asia/Irkutsk:
      city: Irkutsik
    Asia/Jakarta:
      city: Jakaarta
    Asia/Jayapura:
      city: Jayabura
    Asia/Jerusalem:
      city: Jeerusaalem
    Asia/Kabul:
      city: Kaabuul
    Asia/Kamchatka:
      city: Kamkatka
    Asia/Karachi:
      city: Karaaji
    Asia/Katmandu:
      city: Katmandu
    Asia/Khandyga:
      city: Khandiyga
    Asia/Krasnoyarsk:
      city: Karasnoyarska
    Asia/Kuala_Lumpur:
      city: Kuala Lambuur
    Asia/Kuching:
      city: Kujing
    Asia/Kuwait:
      city: Kuweyt
    Asia/Macau:
      city: Makow
    Asia/Magadan:
      city: Magedan
    Asia/Makassar:
      city: Makasar
    Asia/Manila:
      city: Maniila
    Asia/Muscat:
      city: Muskat
    Asia/Nicosia:
      city: Nikosiya
    Asia/Novokuznetsk:
      city: Nofokusnetsik
    Asia/Novosibirsk:
      city: Nofosibirsik
    Asia/Phnom_Penh:
      city: Benom Ben
    Asia/Pontianak:
      city: Botiyaanak
    Asia/Pyongyang:
      city: Boyongyang
    Asia/Qatar:
      city: Qaddar
    Asia/Qostanay:
      city: Kostanay
    Asia/Qyzylorda:
      city: Qiyslorda
    Asia/Riyadh:
      city: Riyaad
    Asia/Saigon:
      city: Hoo Ji Mih Siti
    Asia/Samarkand:
      city: Samarkaan
    Asia/Seoul:
      city: Soul
    Asia/Shanghai:
      city: Shanghaay
    Asia/Singapore:
      city: Singabuur
    Asia/Srednekolymsk:
      city: Sarednokoleymisk
    Asia/Taipei:
      city: Teybey
    Asia/Tashkent:
      city: Toshkeent
    Asia/Tbilisi:
      city: Tibilisi
    Asia/Tehran:
      city: Tehraan
    Asia/Thimphu:
      city: Timbu
    Asia/Vientiane:
      city: Fiyaantiyaan
    Asia/Vladivostok:
      city: Faladifostok
    Asia/Yakutsk:
      city: Yakut
    Asia/Yekaterinburg:
      city: Yekaterinbaag
    Asia/Yerevan:
      city: Yerefan
    Atlantic/Azores:
      city: Asores
    Atlantic/Bermuda:
      city: Barmuuda
    Atlantic/Canary:
      city: Kanari
    Atlantic/Cape_Verde:
      city: Keyb Faarde
    Atlantic/Faeroe:
      city: Farow
    Atlantic/Madeira:
      city: Madira
    Atlantic/Reykjavik:
      city: Reykjafik
    Atlantic/South_Georgia:
      city: Sowt Joorjiya
    Atlantic/Stanley:
      city: Istaanley
    Australia/Adelaide:
      city: Adelayde
    Australia/Brisbane:
      city: Birisban
    Australia/Broken_Hill:
      city: Boroken Hil
    Australia/Currie:
      city: Kuriy
    Australia/Eucla:
      city: Yukla
    Australia/Hobart:
      city: Hubaart
    Australia/Lord_Howe:
      city: Lod How
    Australia/Melbourne:
      city: Melboon
    Australia/Perth:
      city: Bert
    Australia/Sydney:
      city: Sidney
    Etc/UTC:
      long:
        standard: Waqtiga Isku-xiran ee Caalamka
      short:
        standard: Waqtiga UTC
    Etc/Unknown:
      city: Magaalo Aan La Garanayn
    Europe/Amsterdam:
      city: Amsterdaam
    Europe/Andorra:
      city: Andoora
    Europe/Astrakhan:
      city: Astarakhaan
    Europe/Athens:
      city: Atens
    Europe/Belgrade:
      city: Belgaraydh
    Europe/Berlin:
      city: Barliin
    Europe/Bratislava:
      city: Baratislafa
    Europe/Brussels:
      city: Barasalis
    Europe/Bucharest:
      city: Bujarest
    Europe/Budapest:
      city: Budabest
    Europe/Busingen:
      city: Busingeen
    Europe/Chisinau:
      city: Jisinaaw
    Europe/Copenhagen:
      city: Kobenhaagan
    Europe/Dublin:
      city: Dhaablin
      long:
        daylight: Waqtiga Caadiga Ah ee Ayrishka
    Europe/Guernsey:
      city: Geernisi
    Europe/Helsinki:
      city: Heleniski
    Europe/Isle_of_Man:
      city: Ayle of Maan
    Europe/Istanbul:
      city: Istanbuul
    Europe/Jersey:
      city: Jaarsey
    Europe/Kiev:
      city: Kiyeef
    Europe/Kirov:
      city: Kiroof
    Europe/Ljubljana:
      city: Lubalaana
    Europe/London:
      city: Landan
      long:
        daylight: Waqtiga Xagaaga ee Biritishka
    Europe/Luxembourg:
      city: Luksemberg
    Europe/Madrid:
      city: Madriid
    Europe/Mariehamn:
      city: Maarihaam
    Europe/Minsk:
      city: Minisk
    Europe/Monaco:
      city: Monako
    Europe/Moscow:
      city: Moskow
    Europe/Paris:
      city: Baariis
    Europe/Podgorica:
      city: Bodgorika
    Europe/Prague:
      city: Baraag
    Europe/Riga:
      city: Riija
    Europe/Rome:
      city: Rooma
    Europe/San_Marino:
      city: San Mariino
    Europe/Sarajevo:
      city: Sarayeefo
    Europe/Saratov:
      city: Saratoof
    Europe/Simferopol:
      city: Simferobol
    Europe/Skopje:
      city: Iskoobje
    Europe/Sofia:
      city: Sofiya
    Europe/Stockholm:
      city: Istokhoom
    Europe/Tallinn:
      city: Taalin
    Europe/Tirane:
      city: Tiraane
    Europe/Ulyanovsk:
      city: Ulyanofisk
    Europe/Uzhgorod:
      city: Usgorod
    Europe/Vaduz:
      city: Faduus
    Europe/Vatican:
      city: Fatikaan
    Europe/Vienna:
      city: Fiyeena
    Europe/Vilnius:
      city: Finiyuus
    Europe/Volgograd:
      city: Folgograd
    Europe/Zagreb:
      city: Saqrib
    Europe/Zaporozhye:
      city: Saborosey
    Europe/Zurich:
      city: Suurikh
    Indian/Antananarivo:
      city: Antananarifo
    Indian/Chagos:
      city: Jagos
    Indian/Christmas:
      city: Kiristmas
    Indian/Cocos:
      city: Kokos
    Indian/Comoro:
      city: Komoro
    Indian/Kerguelen:
      city: Kergalen
    Indian/Maldives:
      city: Maldifis
    Indian/Mauritius:
      city: Morishiyaas
    Indian/Mayotte:
      city: Mayoote
    Indian/Reunion:
      city: Riyuuniyon
    Pacific/Apia:
      city: Abiya
    Pacific/Auckland:
      city: Owklaan
    Pacific/Bougainville:
      city: Boogaynfil
    Pacific/Chatham:
      city: Jatam
    Pacific/Easter:
      city: Iistar
    Pacific/Enderbury:
      city: Enderburi
    Pacific/Fakaofo:
      city: fakofo
    Pacific/Galapagos:
      city: Galabagos
    Pacific/Gambier:
      city: Gambiyr
    Pacific/Guadalcanal:
      city: Cuadalkanal
    Pacific/Guam:
      city: Guwam
    Pacific/Johnston:
      city: Joonston
    Pacific/Kiritimati:
      city: Kiritimaati
    Pacific/Kosrae:
      city: Kosrii
    Pacific/Kwajalein:
      city: Kuwajaleyn
    Pacific/Majuro:
      city: Majro
    Pacific/Marquesas:
      city: Marquwesas
    Pacific/Nauru:
      city: Nawroo
    Pacific/Niue:
      city: Niyuu
    Pacific/Norfolk:
      city: Noorfek
    Pacific/Noumea:
      city: Noomiya
    Pacific/Pago_Pago:
      city: Bago Bago
    Pacific/Palau:
      city: Balaw
    Pacific/Pitcairn:
      city: Bitkayrn
    Pacific/Ponape:
      city: Bonbey
    Pacific/Port_Moresby:
      city: Boort Moresbi
    Pacific/Saipan:
      city: Seyban
    Pacific/Tongatapu:
      city: Tongatabu
    Pacific/Truk:
      city: Juuk
    Pacific/Wallis:
      city: Walis
