---
jv:
  formats:
    fallback_format: "{1} ({0})"
    gmt_format: GMT{0}
    gmt_zero_format: GMT
    hour_format: "+HH:mm;-HH:mm"
    region_format: Wektu Standar {0}
  metazones:
    Afghanistan:
      long:
        standard: Wektu Afghanistan
    Africa_Central:
      long:
        standard: Wektu Afrika Tengah
    Africa_Eastern:
      long:
        standard: Wektu Afrika Wetan
    Africa_Southern:
      long:
        standard: Wektu Standar Afrika Kidul
    Africa_Western:
      long:
        daylight: Wektu Ketigo Afrika Kulon
        generic: Wektu Afrika Kulon
        standard: Wektu Standar Afrika Kulon
    Alaska:
      long:
        daylight: Wektu Ketigo Alaska
        generic: Wektu Alaska
        standard: Wektu Standar Alaska
    Amazon:
      long:
        daylight: Wektu Ketigo Amazon
        generic: Wektu Amazon
        standard: Wektu Standar Amazon
    America_Central:
      long:
        daylight: Wektu Ketigo Tengah
        generic: Wektu Tengah
        standard: Wektu Standar Tengah
    America_Eastern:
      long:
        daylight: Wektu Ketigo sisih Wetah
        generic: Wektu sisih Wetan
        standard: Wektu Standar sisih Wetan
    America_Mountain:
      long:
        daylight: Wektu Ketigo Giri
        generic: Wektu Giri
        standard: Wektu Standar Giri
    America_Pacific:
      long:
        daylight: Wektu Ketigo Pasifik
        generic: Wektu Pasifik
        standard: Wektu Standar Pasifik
    Apia:
      long:
        daylight: Wektu Ketigo Apia
        generic: Wektu Apia
        standard: Wektu Standar Apia
    Arabian:
      long:
        daylight: Wektu Ketigo Arab
        generic: Wektu Arab
        standard: Wektu Standar Arab
    Argentina:
      long:
        daylight: Wektu Ketigo Argentina
        generic: Wektu Argentina
        standard: Wektu Standar Argentina
    Argentina_Western:
      long:
        daylight: Wektu Ketigo Argentina sisih Kulon
        generic: Wektu Argentina sisih Kulon
        standard: Wektu Standar Argentina sisih Kulon
    Armenia:
      long:
        daylight: Wektu Ketigo Armenia
        generic: Wektu Armenia
        standard: Wektu Standar Armenia
    Atlantic:
      long:
        daylight: Wektu Ketigo Atlantik
        generic: Wektu Atlantik
        standard: Wektu Standar Atlantik
    Australia_Central:
      long:
        daylight: Wektu Ketigo Australia Tengah
        generic: Wektu Australia Tengah
        standard: Wektu Standar Australia Tengah
    Australia_CentralWestern:
      long:
        daylight: Wektu Ketigo Australia Tengah sisih Kulon
        generic: Wektu Australia Tengah sisih Kulon
        standard: Wektu Standar Australia Tengah sisih Kulon
    Australia_Eastern:
      long:
        daylight: Wektu Ketigo Australia sisih Wetan
        generic: Wektu Australia sisih Wetan
        standard: Wektu Standar Australia sisih Wetan
    Australia_Western:
      long:
        daylight: Wektu Ketigo Australia sisih Kulon
        generic: Wektu Australia sisih Kulon
        standard: Wektu Standar Australia sisih Kulon
    Azerbaijan:
      long:
        daylight: Wektu Ketigo Azerbaijan
        generic: Wektu Azerbaijan
        standard: Wektu Standar Azerbaijan
    Azores:
      long:
        daylight: Wektu Ketigo Azores
        generic: Wektu Azores
        standard: Wektu Standar Azores
    Bangladesh:
      long:
        daylight: Wektu Ketigo Bangladesh
        generic: Wektu Bangladesh
        standard: Wektu Standar Bangladesh
    Bhutan:
      long:
        standard: Wektu Bhutan
    Bolivia:
      long:
        standard: Wektu Bolivia
    Brasilia:
      long:
        daylight: Wektu Ketigo Brasilia
        generic: Wektu Brasilia
        standard: Wektu Standar Brasilia
    Brunei:
      long:
        standard: Wektu Brunai Darussalam
    Cape_Verde:
      long:
        daylight: Wektu Ketigo Tanjung Verde
        generic: Wektu Tanjung Verde
        standard: Wektu Standar Tanjung Verde
    Chamorro:
      long:
        standard: Wektu Chamorro
    Chatham:
      long:
        daylight: Wektu Ketigo Chatham
        generic: Wektu Chatham
        standard: Wektu Standar Chatham
    Chile:
      long:
        daylight: Wektu Ketigo Chili
        generic: Wektu Chili
        standard: Wektu Standar Chili
    China:
      long:
        daylight: Wektu Ketigo Cina
        generic: Wektu Cina
        standard: Wektu Standar Cina
    Choibalsan:
      long:
        daylight: WEktu Ketigo Choibalsan
        generic: Wektu Choibalsan
        standard: Wektu Standar Choibalsan
    Christmas:
      long:
        standard: Wektu Pulo Natal
    Cocos:
      long:
        standard: Wektu Kepuloan Cocos
    Colombia:
      long:
        daylight: Wektu Ketigo Kolombia
        generic: Wektu Kolombia
        standard: Wektu Standar Kolombia
    Cook:
      long:
        daylight: Wektu Ketigo Kepuloan Cook
        generic: Wektu Kepuloan Cook
        standard: Wektu Standar Kepuloan Cook
    Cuba:
      long:
        daylight: Wektu Ketigo Kuba
        generic: Wektu Kuba
        standard: Wektu Standar Kuba
    Davis:
      long:
        standard: Wektu Davis
    DumontDUrville:
      long:
        standard: Wektu Dumont-d’Urville
    East_Timor:
      long:
        standard: Wektu Timor Leste
    Easter:
      long:
        daylight: Wektu Ketigo Pulo Paskah
        generic: Wektu Pulo Paskah
        standard: Wektu Standar Pulo Paskah
    Ecuador:
      long:
        standard: Wektu Ekuador
    Europe_Central:
      long:
        daylight: Wektu Ketigo Eropa Tengah
        generic: Wektu Eropa Tengah
        standard: Wektu Standar Eropa Tengah
    Europe_Eastern:
      long:
        daylight: Wektu Ketigo Eropa sisih Wetan
        generic: Wektu Eropa sisih Wetan
        standard: Wektu Standar Eropa sisih Wetan
    Europe_Further_Eastern:
      long:
        standard: Wektu Eropa sisih Wetan seng Luwih Adoh
    Europe_Western:
      long:
        daylight: Wektu Ketigo Eropa sisih Kulon
        generic: Wektu Eropa sisih Kulon
        standard: Wektu Standar Eropa sisih Kulon
    Falkland:
      long:
        daylight: Wektu Ketigo Kepuloan Falkland
        generic: Wektu Kepuloan Falkland
        standard: Wektu Standar Kepuloan Falkland
    Fiji:
      long:
        daylight: Wektu Ketigo Fiji
        generic: Wektu Fiji
        standard: Wektu Standar Fiji
    French_Guiana:
      long:
        standard: Wektu Guiana Prancis
    French_Southern:
      long:
        standard: Wektu Antartika lan Prancis sisih Kidul
    GMT:
      long:
        standard: Wektu Rerata Greenwich
    Galapagos:
      long:
        standard: Wektu Galapagos
    Gambier:
      long:
        standard: Wektu Gambier
    Georgia:
      long:
        daylight: Wektu Ketigo Georgia
        generic: Wektu Georgia
        standard: Wektu Standar Georgia
    Gilbert_Islands:
      long:
        standard: Wektu Kepuloan Gilbert
    Greenland_Eastern:
      long:
        daylight: Wektu Ketigo Grinland Wetan
        generic: Wektu Grinland Wetan
        standard: Wektu Standar Grinland Wetan
    Greenland_Western:
      long:
        daylight: Wektu Ketigo Grinland Kulon
        generic: Wektu Grinland Kulon
        standard: Wektu Standar Grinland Kulon
    Gulf:
      long:
        standard: Wektu Standar Teluk
    Guyana:
      long:
        standard: Wektu Guyana
    Hawaii_Aleutian:
      long:
        daylight: Wektu Ketigo Hawaii-Aleutian
        generic: Wektu Hawaii-Aleutian
        standard: Wektu Standar Hawaii-Aleutian
    Hong_Kong:
      long:
        daylight: Wektu Ketigo Hong Kong
        generic: Wektu Hong Kong
        standard: Wektu Standar Hong Kong
    Hovd:
      long:
        daylight: Wektu Ketigo Hovd
        generic: Wektu Hovd
        standard: Wektu Standar Hovd
    India:
      long:
        standard: Wektu Standar India
    Indian_Ocean:
      long:
        standard: Wektu Segoro Hindia
    Indochina:
      long:
        standard: Wektu Indocina
    Indonesia_Central:
      long:
        standard: Wektu Indonesia Tengah
    Indonesia_Eastern:
      long:
        standard: Wektu Indonesia sisih Wetan
    Indonesia_Western:
      long:
        standard: Wektu Indonesia sisih Kulon
    Iran:
      long:
        daylight: Wektu Ketigo Iran
        generic: Wektu Iran
        standard: Wektu Standar Iran
    Irkutsk:
      long:
        daylight: Wektu Ketigo Irkutsk
        generic: Wektu Irkutsk
        standard: Wektu Standar Irkutsk
    Israel:
      long:
        daylight: Wektu Ketigo Israel
        generic: Wektu Israel
        standard: Wektu Standar Israel
    Japan:
      long:
        daylight: Wektu Ketigo Jepang
        generic: Wektu Jepang
        standard: Wektu Standar Jepang
    Kazakhstan_Eastern:
      long:
        standard: Wektu Kazakhstan Wetan
    Kazakhstan_Western:
      long:
        standard: Wektu Kazakhstan Kulon
    Korea:
      long:
        daylight: Wektu Ketigo Korea
        generic: Wektu Korea
        standard: Wektu Standar Korea
    Kosrae:
      long:
        standard: Wektu Kosrae
    Krasnoyarsk:
      long:
        daylight: Wektu Ketigo Krasnoyarsk
        generic: Wektu Krasnoyarsk
        standard: Wektu Standar Krasnoyarsk
    Kyrgystan:
      long:
        standard: Wektu Kirgizstan
    Line_Islands:
      long:
        standard: Wektu Kepuloan Line
    Lord_Howe:
      long:
        daylight: Wektu Ketigo Lord Howe
        generic: Wektu Lord Howe
        standard: Wektu Standar Lord Howe
    Macquarie:
      long:
        standard: Wektu Pulo Macquarie
    Magadan:
      long:
        daylight: Wektu Ketigo Magadan
        generic: Wektu Magadan
        standard: Wektu Standar Magadan
    Malaysia:
      long:
        standard: Wektu Malaysia
    Maldives:
      long:
        standard: Wektu Maladewa
    Marquesas:
      long:
        standard: Wektu Marquesas
    Marshall_Islands:
      long:
        standard: Wektu Kepuloan Marshall
    Mauritius:
      long:
        daylight: Wektu Ketigo Mauritius
        generic: Wektu Mauritius
        standard: Wektu Standar Mauritius
    Mawson:
      long:
        standard: Wektu Mawson
    Mexico_Northwest:
      long:
        daylight: Wektu Ketigo Meksiko Lor-Kulon
        generic: Wektu Meksiko Lor-Kulon
        standard: Wektu Standar Meksiko Lor-Kulon
    Mexico_Pacific:
      long:
        daylight: Wektu Ketigo Pasifik Meksiko
        generic: Wektu Pasifik Meksiko
        standard: Wektu Standar Pasifik Meksiko
    Mongolia:
      long:
        daylight: Wektu Ketigo Ulaanbaatar
        generic: Wektu Ulaanbaatar
        standard: Wektu Standar Ulaanbaatar
    Moscow:
      long:
        daylight: Wektu Ketigo Moscow
        generic: Wektu Moscow
        standard: Wektu Standar Moscow
    Myanmar:
      long:
        standard: Wektu Myanmar
    Nauru:
      long:
        standard: Wektu Nauru
    Nepal:
      long:
        standard: Wektu Nepal
    New_Caledonia:
      long:
        daylight: Wektu Ketigo Kaledonia Anyar
        generic: Wektu Kaledonia Anyar
        standard: Wektu Standar Kaledonia Anyar
    New_Zealand:
      long:
        daylight: Wektu Ketigo Selandia Anyar
        generic: Wektu Selandia Anyar
        standard: Wektu Standar Selandia Anyar
    Newfoundland:
      long:
        daylight: Wektu Ketigo Newfoundland
        generic: Wektu Newfoundland
        standard: Wektu Standar Newfoundland
    Niue:
      long:
        standard: Wektu Niue
    Norfolk:
      long:
        daylight: Wektu Ketigo Pulo Norfolk
        generic: Wektu Pulo Norfolk
        standard: Wektu Standar Pulo Norfolk
    Noronha:
      long:
        daylight: Wektu Ketigo Fernando de Noronha
        generic: Wektu Fernando de Noronha
        standard: Wektu Standar Fernando de Noronha
    Novosibirsk:
      long:
        daylight: Wektu Ketigo Novosibirsk
        generic: Wektu Novosibirsk
        standard: Wektu Standar Novosibirsk
    Omsk:
      long:
        daylight: Wektu Ketigo Omsk
        generic: Wektu Omsk
        standard: Wektu Standar Omsk
    Pakistan:
      long:
        daylight: Wektu Ketigo Pakistan
        generic: Wektu Pakistan
        standard: Wektu Standar Pakistan
    Palau:
      long:
        standard: Wektu Palau
    Papua_New_Guinea:
      long:
        standard: Wektu Papua Nugini
    Paraguay:
      long:
        daylight: Wektu Ketigo Paraguay
        generic: Wektu Paraguay
        standard: Wektu Standar Paraguay
    Peru:
      long:
        daylight: Wektu Ketigo Peru
        generic: Wektu Peru
        standard: Wektu Standar Peru
    Philippines:
      long:
        daylight: Wektu Ketigo Filipina
        generic: Wektu Filipina
        standard: Wektu Standar Filipina
    Phoenix_Islands:
      long:
        standard: Wektu Kepuloan Phoenix
    Pierre_Miquelon:
      long:
        daylight: Wektu Ketigo Santa Pierre lan Miquelon
        generic: Wektu Santa Pierre lan Miquelon
        standard: Wektu Standar Santa Pierre lan Miquelon
    Pitcairn:
      long:
        standard: Wektu Pitcairn
    Ponape:
      long:
        standard: Wektu Ponape
    Pyongyang:
      long:
        standard: Wektu Pyongyang
    Reunion:
      long:
        standard: Wektu Reunion
    Rothera:
      long:
        standard: Wektu Rothera
    Sakhalin:
      long:
        daylight: Wektu Ketigo Sakhalin
        generic: Wektu Sakhalin
        standard: Wektu Standar Sakhalin
    Samoa:
      long:
        daylight: Wektu Ketigo Samoa
        generic: Wektu Samoa
        standard: Wektu Standar Samoa
    Seychelles:
      long:
        standard: Wektu Seichelles
    Singapore:
      long:
        standard: Wektu Singapura
    Solomon:
      long:
        standard: Wektu Kepuloan Solomon
    South_Georgia:
      long:
        standard: Wektu Georgia Kidul
    Suriname:
      long:
        standard: Wektu Suriname
    Syowa:
      long:
        standard: Wektu Syowa
    Tahiti:
      long:
        standard: Wektu Tahiti
    Taipei:
      long:
        daylight: Wektu Ketigo Taipei
        generic: Wektu Taipei
        standard: Wektu Standar Taipei
    Tajikistan:
      long:
        standard: Wektu Tajikistan
    Tokelau:
      long:
        standard: Wektu Tokelau
    Tonga:
      long:
        daylight: Wektu Ketigo Tonga
        generic: Wektu Tonga
        standard: Wektu Standar Tonga
    Truk:
      long:
        standard: Wektu Chuuk
    Turkmenistan:
      long:
        daylight: Wektu Ketigo Turkmenistan
        generic: Wektu Turkmenistan
        standard: Wektu Standar Turkmenistan
    Tuvalu:
      long:
        standard: Wektu Tuvalu
    Uruguay:
      long:
        daylight: Wektu Ketigo Uruguay
        generic: Wektu Uruguay
        standard: Wektu Standar Uruguay
    Uzbekistan:
      long:
        daylight: Wektu Ketigo Usbekistan
        generic: Wektu Usbekistan
        standard: Wektu Standar Usbekistan
    Vanuatu:
      long:
        daylight: Wektu Ketigo Vanuatu
        generic: Wektu Vanuatu
        standard: Wektu Standar Vanuatu
    Venezuela:
      long:
        standard: Wektu Venezuela
    Vladivostok:
      long:
        daylight: Wektu Ketigo Vladivostok
        generic: Wektu Vladivostok
        standard: Wektu Standar Vladivostok
    Volgograd:
      long:
        daylight: Wektu Ketigo Volgograd
        generic: Wektu Volgograd
        standard: Wektu Standar Volgograd
    Vostok:
      long:
        standard: Wektu Vostok
    Wake:
      long:
        standard: Wektu Pulo Wake
    Wallis:
      long:
        standard: Wektu Wallis lan Futuna
    Yakutsk:
      long:
        daylight: Wektu Ketigo Yakutsk
        generic: Wektu Yakutsk
        standard: Wektu Standar Yakutsk
    Yekaterinburg:
      long:
        daylight: Wektu Ketigo Yekaterinburg
        generic: Wektu Yekaterinburg
        standard: Wektu Standar Yekaterinburg
    Yukon:
      long:
        standard: Wektu Yukon
  timezones:
    Africa/Abidjan:
      city: Abidjan
    Africa/Accra:
      city: Accra
    Africa/Addis_Ababa:
      city: Addis Ababa
    Africa/Algiers:
      city: Algiers
    Africa/Asmera:
      city: Asmara
    Africa/Bamako:
      city: Bamako
    Africa/Bangui:
      city: Bangui
    Africa/Banjul:
      city: Banjul
    Africa/Bissau:
      city: Bissau
    Africa/Blantyre:
      city: Blantyre
    Africa/Brazzaville:
      city: Brazzaville
    Africa/Bujumbura:
      city: Bujumbura
    Africa/Cairo:
      city: Kairo
    Africa/Casablanca:
      city: Kasablanka
    Africa/Ceuta:
      city: Ceuta
    Africa/Conakry:
      city: Konakri
    Africa/Dakar:
      city: Dakar
    Africa/Dar_es_Salaam:
      city: Dar es Salaam
    Africa/Djibouti:
      city: Djibouti
    Africa/Douala:
      city: Douala
    Africa/El_Aaiun:
      city: El Aaiun
    Africa/Freetown:
      city: Freetown
    Africa/Gaborone:
      city: Gaborone
    Africa/Harare:
      city: Harare
    Africa/Johannesburg:
      city: Johannesburg
    Africa/Juba:
      city: Juba
    Africa/Kampala:
      city: Kampala
    Africa/Khartoum:
      city: Khartoum
    Africa/Kigali:
      city: Kigali
    Africa/Kinshasa:
      city: Kinshasa
    Africa/Lagos:
      city: Lagos
    Africa/Libreville:
      city: Libreville
    Africa/Lome:
      city: Lome
    Africa/Luanda:
      city: Luanda
    Africa/Lubumbashi:
      city: Lubumbashi
    Africa/Lusaka:
      city: Lusaka
    Africa/Malabo:
      city: Malabo
    Africa/Maputo:
      city: Maputo
    Africa/Maseru:
      city: Maseru
    Africa/Mbabane:
      city: Mbabane
    Africa/Mogadishu:
      city: Mogadishu
    Africa/Monrovia:
      city: Monrovia
    Africa/Nairobi:
      city: Nairobi
    Africa/Ndjamena:
      city: Ndjamena
    Africa/Niamey:
      city: Niamey
    Africa/Nouakchott:
      city: Nouakchott
    Africa/Ouagadougou:
      city: Ouagadougou
    Africa/Porto-Novo:
      city: Porto-Novo
    Africa/Sao_Tome:
      city: Sao Tome
    Africa/Tripoli:
      city: Tripoli
    Africa/Tunis:
      city: Tunis
    Africa/Windhoek:
      city: Windhoek
    America/Adak:
      city: Adak
    America/Anchorage:
      city: Anchorage
    America/Anguilla:
      city: Anguilla
    America/Antigua:
      city: Antigua
    America/Araguaina:
      city: Araguaina
    America/Argentina/La_Rioja:
      city: La Rioja
    America/Argentina/Rio_Gallegos:
      city: Rio Gallegos
    America/Argentina/Salta:
      city: Salta
    America/Argentina/San_Juan:
      city: San Juan
    America/Argentina/San_Luis:
      city: San Luis
    America/Argentina/Tucuman:
      city: Tucuman
    America/Argentina/Ushuaia:
      city: Ushuaia
    America/Aruba:
      city: Aruba
    America/Asuncion:
      city: Asuncion
    America/Bahia:
      city: Bahia
    America/Bahia_Banderas:
      city: Bahia Banderas
    America/Barbados:
      city: Barbados
    America/Belem:
      city: Belem
    America/Belize:
      city: Belise
    America/Blanc-Sablon:
      city: Blanc-Sablon
    America/Boa_Vista:
      city: Boa Vista
    America/Bogota:
      city: Bogota
    America/Boise:
      city: Boise
    America/Buenos_Aires:
      city: Buenos Aires
    America/Cambridge_Bay:
      city: Teluk Cambridge
    America/Campo_Grande:
      city: Kampo Grande
    America/Cancun:
      city: Cancun
    America/Caracas:
      city: Karakas
    America/Catamarca:
      city: Katamarka
    America/Cayenne:
      city: Kayenne
    America/Cayman:
      city: Caiman
    America/Chicago:
      city: Chicago
    America/Chihuahua:
      city: Chihuahua
    America/Coral_Harbour:
      city: Atikokan
    America/Cordoba:
      city: Kordoba
    America/Costa_Rica:
      city: Kosta Rika
    America/Creston:
      city: Creston
    America/Cuiaba:
      city: Kuiaba
    America/Curacao:
      city: Curacao
    America/Danmarkshavn:
      city: Danmarkshavn
    America/Dawson:
      city: Dawson
    America/Dawson_Creek:
      city: Dawson Creek
    America/Denver:
      city: Denver
    America/Detroit:
      city: Detroit
    America/Dominica:
      city: Dominika
    America/Edmonton:
      city: Edmonton
    America/Eirunepe:
      city: Eirunepe
    America/El_Salvador:
      city: El Salvador
    America/Fort_Nelson:
      city: Benteng Nelson
    America/Fortaleza:
      city: Fortaleza
    America/Glace_Bay:
      city: Teluk Glace
    America/Godthab:
      city: Nuuk
    America/Goose_Bay:
      city: Teluk Goose
    America/Grand_Turk:
      city: Grand Turk
    America/Grenada:
      city: Grenada
    America/Guadeloupe:
      city: Guadeloupe
    America/Guatemala:
      city: Guatemala
    America/Guayaquil:
      city: Guayaquil
    America/Guyana:
      city: Guyana
    America/Halifax:
      city: Halifak
    America/Havana:
      city: Havana
    America/Hermosillo:
      city: Hermosillo
    America/Indiana/Knox:
      city: Knox [Indiana]
    America/Indiana/Marengo:
      city: Marengo [Indiana]
    America/Indiana/Petersburg:
      city: Petersburg [Indiana]
    America/Indiana/Tell_City:
      city: Tell City [Indiana]
    America/Indiana/Vevay:
      city: Vevay [Indiana]
    America/Indiana/Vincennes:
      city: Vincennes [Indiana]
    America/Indiana/Winamac:
      city: Winamac [Indiana]
    America/Indianapolis:
      city: Indianapolis
    America/Inuvik:
      city: Inuvik
    America/Iqaluit:
      city: Iqaluit
    America/Jamaica:
      city: Jamaica
    America/Jujuy:
      city: Jujuy
    America/Juneau:
      city: Juneau
    America/Kentucky/Monticello:
      city: Monticello [Kentucky]
    America/Kralendijk:
      city: Kralendijk
    America/La_Paz:
      city: La Paz
    America/Lima:
      city: Lima
    America/Los_Angeles:
      city: Los Angeles
    America/Louisville:
      city: Louisville
    America/Lower_Princes:
      city: Lower Prince’s Quarter
    America/Maceio:
      city: Maceio
    America/Managua:
      city: Managua
    America/Manaus:
      city: Manaus
    America/Marigot:
      city: Marigot
    America/Martinique:
      city: Martinik
    America/Matamoros:
      city: Matamoros
    America/Mazatlan:
      city: Mazatlan
    America/Mendoza:
      city: Mendosa
    America/Menominee:
      city: Menominee
    America/Merida:
      city: Merida
    America/Metlakatla:
      city: Metlakatla
    America/Mexico_City:
      city: Kutho Meksiko
    America/Miquelon:
      city: Miquelon
    America/Moncton:
      city: Moncton
    America/Monterrey:
      city: Monterrey
    America/Montevideo:
      city: Montevideo
    America/Montserrat:
      city: Montserrat
    America/Nassau:
      city: Nassau
    America/New_York:
      city: New York
    America/Nipigon:
      city: Nipigon
    America/Nome:
      city: Nome
    America/Noronha:
      city: Noronha
    America/North_Dakota/Beulah:
      city: Beulah [Dakota Lor]
    America/North_Dakota/Center:
      city: Tengah [Dakota Lor]
    America/North_Dakota/New_Salem:
      city: Salem Anyar [Dakota Lor]
    America/Ojinaga:
      city: Ojinaga
    America/Panama:
      city: Panama
    America/Pangnirtung:
      city: Pangnirtung
    America/Paramaribo:
      city: Paramaribo
    America/Phoenix:
      city: Phoenix
    America/Port-au-Prince:
      city: Port-au-Prince
    America/Port_of_Spain:
      city: Palabuhan Spanyol
    America/Porto_Velho:
      city: Porto Velho
    America/Puerto_Rico:
      city: Puerto Riko
    America/Punta_Arenas:
      city: Punta Arenas
    America/Rainy_River:
      city: Kali Rainy
    America/Rankin_Inlet:
      city: Rankin Inlet
    America/Recife:
      city: Recife
    America/Regina:
      city: Regina
    America/Resolute:
      city: Resolute
    America/Rio_Branco:
      city: Rio Branco
    America/Santarem:
      city: Santarem
    America/Santiago:
      city: Santiago
    America/Santo_Domingo:
      city: Santo Domingo
    America/Sao_Paulo:
      city: Sao Paulo
    America/Scoresbysund:
      city: Ittoqqortoormiit
    America/Sitka:
      city: Sitka
    America/St_Barthelemy:
      city: Santa Barthelemy
    America/St_Johns:
      city: Santa John
    America/St_Kitts:
      city: Santa Kitts
    America/St_Lucia:
      city: Santa Lucia
    America/St_Thomas:
      city: Santa Thomas
    America/St_Vincent:
      city: Santa Vincent
    America/Swift_Current:
      city: Arus Banter
    America/Tegucigalpa:
      city: Tegucigalpa
    America/Thule:
      city: Thule
    America/Thunder_Bay:
      city: Teluk Gludhug
    America/Tijuana:
      city: Tijuana
    America/Toronto:
      city: Toronto
    America/Tortola:
      city: Tortola
    America/Vancouver:
      city: Vancouver
    America/Whitehorse:
      city: Whitehorse
    America/Winnipeg:
      city: Winnipeg
    America/Yakutat:
      city: Yakutat
    America/Yellowknife:
      city: Yellowknife
    Antarctica/Casey:
      city: Casey
    Antarctica/Davis:
      city: Davis
    Antarctica/DumontDUrville:
      city: Dumont d’Urville
    Antarctica/Macquarie:
      city: Macquarie
    Antarctica/Mawson:
      city: Mawson
    Antarctica/McMurdo:
      city: McMurdo
    Antarctica/Palmer:
      city: Palmer
    Antarctica/Rothera:
      city: Rothera
    Antarctica/Syowa:
      city: Syowa
    Antarctica/Troll:
      city: Troll
    Antarctica/Vostok:
      city: Vostok
    Arctic/Longyearbyen:
      city: Longyearbyen
    Asia/Aden:
      city: Aden
    Asia/Almaty:
      city: Almaty
    Asia/Amman:
      city: Amman
    Asia/Anadyr:
      city: Anadyr
    Asia/Aqtau:
      city: Aqtau
    Asia/Aqtobe:
      city: Aqtobe
    Asia/Ashgabat:
      city: Ashgabat
    Asia/Atyrau:
      city: Atyrau
    Asia/Baghdad:
      city: Baghdad
    Asia/Bahrain:
      city: Bahrain
    Asia/Baku:
      city: Baku
    Asia/Bangkok:
      city: Bangkok
    Asia/Barnaul:
      city: Barnaul
    Asia/Beirut:
      city: Beirut
    Asia/Bishkek:
      city: Bishkek
    Asia/Brunei:
      city: Brunei
    Asia/Calcutta:
      city: Kalkuta
    Asia/Chita:
      city: Chita
    Asia/Choibalsan:
      city: Choibalsan
    Asia/Colombo:
      city: Kolombo
    Asia/Damascus:
      city: Damaskus
    Asia/Dhaka:
      city: Dhaka
    Asia/Dili:
      city: Dili
    Asia/Dubai:
      city: Dubai
    Asia/Dushanbe:
      city: Dushanbe
    Asia/Famagusta:
      city: Famagusta
    Asia/Gaza:
      city: Gaza
    Asia/Hebron:
      city: Hebron
    Asia/Hong_Kong:
      city: Hong Kong
    Asia/Hovd:
      city: Hovd
    Asia/Irkutsk:
      city: Irkutsk
    Asia/Jakarta:
      city: Jakarta
    Asia/Jayapura:
      city: Jayapura
    Asia/Jerusalem:
      city: Yerusalem
    Asia/Kabul:
      city: Kabul
    Asia/Kamchatka:
      city: Kamchatka
    Asia/Karachi:
      city: Karachi
    Asia/Katmandu:
      city: Kathmandu
    Asia/Khandyga:
      city: Khandyga
    Asia/Krasnoyarsk:
      city: Krasnoyarsk
    Asia/Kuala_Lumpur:
      city: Kuala Lumpur
    Asia/Kuching:
      city: Kuching
    Asia/Kuwait:
      city: Kuwait
    Asia/Macau:
      city: Macau
    Asia/Magadan:
      city: Magadan
    Asia/Makassar:
      city: Makasar
    Asia/Manila:
      city: Manila
    Asia/Muscat:
      city: Muscat
    Asia/Nicosia:
      city: Nicosia
    Asia/Novokuznetsk:
      city: Novokuznetsk
    Asia/Novosibirsk:
      city: Novosibirsk
    Asia/Omsk:
      city: Omsk
    Asia/Oral:
      city: Oral
    Asia/Phnom_Penh:
      city: Phnom Penh
    Asia/Pontianak:
      city: Pontianak
    Asia/Pyongyang:
      city: Pyongyang
    Asia/Qatar:
      city: Qatar
    Asia/Qostanay:
      city: Kostanai
    Asia/Qyzylorda:
      city: Qyzylorda
    Asia/Rangoon:
      city: Yangon
    Asia/Riyadh:
      city: Riyadh
    Asia/Saigon:
      city: Ho Chi Minh
    Asia/Sakhalin:
      city: Sakhalin
    Asia/Samarkand:
      city: Samarkand
    Asia/Seoul:
      city: Seoul
    Asia/Shanghai:
      city: Shanghai
    Asia/Singapore:
      city: Singapura
    Asia/Srednekolymsk:
      city: Srednekolymsk
    Asia/Taipei:
      city: Taipei
    Asia/Tashkent:
      city: Tashkent
    Asia/Tbilisi:
      city: Tbilisi
    Asia/Tehran:
      city: Teheran
    Asia/Thimphu:
      city: Thimphu
    Asia/Tokyo:
      city: Tokyo
    Asia/Tomsk:
      city: Tomsk
    Asia/Ulaanbaatar:
      city: Ulaanbaatar
    Asia/Urumqi:
      city: Urumqi
    Asia/Ust-Nera:
      city: Ust-Nera
    Asia/Vientiane:
      city: Vientiane
    Asia/Vladivostok:
      city: Vladivostok
    Asia/Yakutsk:
      city: Yakutsk
    Asia/Yekaterinburg:
      city: Yekaterinburg
    Asia/Yerevan:
      city: Yerevan
    Atlantic/Azores:
      city: Azores
    Atlantic/Bermuda:
      city: Bermuda
    Atlantic/Canary:
      city: Kanari
    Atlantic/Cape_Verde:
      city: Kape Verde
    Atlantic/Faeroe:
      city: Faroe
    Atlantic/Madeira:
      city: Madeira
    Atlantic/Reykjavik:
      city: Reykjavik
    Atlantic/South_Georgia:
      city: Georgia Kidul
    Atlantic/St_Helena:
      city: Santa Helena
    Atlantic/Stanley:
      city: Stanley
    Australia/Adelaide:
      city: Adelaide
    Australia/Brisbane:
      city: Brisbane
    Australia/Broken_Hill:
      city: Broken Hill
    Australia/Currie:
      city: Currie
    Australia/Darwin:
      city: Darwin
    Australia/Eucla:
      city: Eucla
    Australia/Hobart:
      city: Hobart
    Australia/Lindeman:
      city: Lindeman
    Australia/Lord_Howe:
      city: Lord Howe
    Australia/Melbourne:
      city: Melbourne
    Australia/Perth:
      city: Perth
    Australia/Sydney:
      city: Sydney
    Etc/UTC:
      long:
        standard: Wektu Universal Kakoordhinasi
    Etc/Unknown:
      city: Kuto Ora Dikenali
    Europe/Amsterdam:
      city: Amsterdam
    Europe/Andorra:
      city: Andorra
    Europe/Astrakhan:
      city: Astrakhan
    Europe/Athens:
      city: Athena
    Europe/Belgrade:
      city: Belgrade
    Europe/Berlin:
      city: Berlin
    Europe/Bratislava:
      city: Bratislava
    Europe/Brussels:
      city: Brussels
    Europe/Bucharest:
      city: Bucharest
    Europe/Budapest:
      city: Budapest
    Europe/Busingen:
      city: Busingen
    Europe/Chisinau:
      city: Chisinau
    Europe/Copenhagen:
      city: Kopenhagen
    Europe/Dublin:
      city: Dublin
      long:
        daylight: Wektu Standar Irlandia
    Europe/Gibraltar:
      city: Gibraltar
    Europe/Guernsey:
      city: Guernsey
    Europe/Helsinki:
      city: Helsinki
    Europe/Isle_of_Man:
      city: Pulo Man
    Europe/Istanbul:
      city: Istanbul
    Europe/Jersey:
      city: Jersey
    Europe/Kaliningrad:
      city: Kaliningrad
    Europe/Kiev:
      city: Kiev
    Europe/Kirov:
      city: Kirov
    Europe/Lisbon:
      city: Lisbon
    Europe/Ljubljana:
      city: Ljubljana
    Europe/London:
      city: London
      long:
        daylight: Wektu Ketigo Inggris
    Europe/Luxembourg:
      city: Luksemburk
    Europe/Madrid:
      city: Madrid
    Europe/Malta:
      city: Malta
    Europe/Mariehamn:
      city: Mariehamn
    Europe/Minsk:
      city: Minsk
    Europe/Monaco:
      city: Monako
    Europe/Moscow:
      city: Moscow
    Europe/Oslo:
      city: Oslo
    Europe/Paris:
      city: Paris
    Europe/Podgorica:
      city: Podgorica
    Europe/Prague:
      city: Prague
    Europe/Riga:
      city: Riga
    Europe/Rome:
      city: Roma
    Europe/Samara:
      city: Samara
    Europe/San_Marino:
      city: San Marino
    Europe/Sarajevo:
      city: Sarajevo
    Europe/Saratov:
      city: Saratov
    Europe/Simferopol:
      city: Simferopol
    Europe/Skopje:
      city: Skopje
    Europe/Sofia:
      city: Sofia
    Europe/Stockholm:
      city: Stockholm
    Europe/Tallinn:
      city: Tallinn
    Europe/Tirane:
      city: Tirane
    Europe/Ulyanovsk:
      city: Ulyanovsk
    Europe/Uzhgorod:
      city: Uzhgorod
    Europe/Vaduz:
      city: Vaduz
    Europe/Vatican:
      city: Vatikan
    Europe/Vienna:
      city: Vienna
    Europe/Vilnius:
      city: Vilnius
    Europe/Volgograd:
      city: Volgograd
    Europe/Warsaw:
      city: Warsaw
    Europe/Zagreb:
      city: Zagreb
    Europe/Zaporozhye:
      city: Zaporozhye
    Europe/Zurich:
      city: Zurich
    Indian/Antananarivo:
      city: Antananarivo
    Indian/Chagos:
      city: Khagos
    Indian/Christmas:
      city: Natal
    Indian/Cocos:
      city: Cocos
    Indian/Comoro:
      city: Komoro
    Indian/Kerguelen:
      city: Kerguelen
    Indian/Mahe:
      city: Mahe
    Indian/Maldives:
      city: Maladewa
    Indian/Mauritius:
      city: Mauritius
    Indian/Mayotte:
      city: Mayotte
    Indian/Reunion:
      city: Reunion
    Pacific/Apia:
      city: Apia
    Pacific/Auckland:
      city: Auckland
    Pacific/Bougainville:
      city: Bougainville
    Pacific/Chatham:
      city: Chatham
    Pacific/Easter:
      city: Paskah
    Pacific/Efate:
      city: Efate
    Pacific/Enderbury:
      city: Enderbury
    Pacific/Fakaofo:
      city: Fakaofo
    Pacific/Fiji:
      city: Fiji
    Pacific/Funafuti:
      city: Funafuti
    Pacific/Galapagos:
      city: Galapagos
    Pacific/Gambier:
      city: Gambier
    Pacific/Guadalcanal:
      city: Guadalcanal
    Pacific/Guam:
      city: Guam
    Pacific/Johnston:
      city: Johnston
    Pacific/Kiritimati:
      city: Kiritimati
    Pacific/Kosrae:
      city: Kosrae
    Pacific/Kwajalein:
      city: Kwajalein
    Pacific/Majuro:
      city: Majuro
    Pacific/Marquesas:
      city: Marquesas
    Pacific/Midway:
      city: Midway
    Pacific/Nauru:
      city: Nauru
    Pacific/Niue:
      city: Niue
    Pacific/Norfolk:
      city: Norfolk
    Pacific/Noumea:
      city: Noumea
    Pacific/Pago_Pago:
      city: Pago Pago
    Pacific/Palau:
      city: Palau
    Pacific/Pitcairn:
      city: Pitcairn
    Pacific/Ponape:
      city: Pohnpei
    Pacific/Port_Moresby:
      city: Pelabuhan Moresby
    Pacific/Rarotonga:
      city: Rarotonga
    Pacific/Saipan:
      city: Saipan
    Pacific/Tahiti:
      city: Tahiti
    Pacific/Tarawa:
      city: Tarawa
    Pacific/Tongatapu:
      city: Tongatapu
    Pacific/Truk:
      city: Chuuk
    Pacific/Wake:
      city: Wake
    Pacific/Wallis:
      city: Wallis
